ID,Name
64,LOD-Frm-VL-LOD-L2PUB
65,VL-LOD-FOR-MAN-PUB
66,VL-LOD-FOR-SUP-PUB
67,VL-LOD-FOR-TVCC-PUB
68,VL-LOD-FOR-SP-PUB
69,VL-LOD-FIN-L2-PUB
70,VL-LOD-FIN-MAN-PUB
71,VL-LOD-FIN-SUP-PUB
72,VL-LOD-FIN-TVCC-PUB
73,VL-LOD-FIN-SP-PUB
74,VL-LOD-OCTG-L2-PUB
75,VL-LOD-OCTG-MAN-PUB
76,VL-LOD-OCTG-SUP-PUB
77,VL-LOD-OCTG-TVCC-PUB
78,VL-LOD-OCTG-SP-PUB
79,VL-LOD-LABO-L2-PUB
80,VL-LOD-LABO-MAN-PUB
81,VL-LOD-LABO-SUP-PUB
82,VL-LOD-LABO-TVCC-PUB
83,VL-LOD-LABO-SP-PUB
84,VL-LOD-WIFI-PUB
85,VL-LOD-MANAG-PUB
86,VL-LOD-AUTO-PUB
87,VL-LOD-VM-PUB
88,VL-LOD-ALL-SP-PUB
89,VL-MOD-FOR-L2-PUB
90,VL-MOD-FOR-MAN-PUB
91,VL-MOD-FOR-SUP-PUB
92,VL-MOD-FOR-TVCC-PUB
93,VL-MOD-FOR-SP-PUB
94,VL-MOD-FIN-L2-PUB
95,VL-MOD-FIN-MAN-PUB
96,VL-MOD-FIN-SUP-PUB
97,VL-MOD-FIN-TVCC-PUB
98,VL-MOD-FIN-SP-PUB
99,VL-MOD-OCTG-L2-PUB
100,VL-MOD-OCTG-MAN-PUB
101,VL-MOD-OCTG-SUP-PUB
102,VL-MOD-OCTG-TVCC-PUB
103,VL-MOD-OCTG-SP-PUB
104,VL-MOD-LABO-L2-PUB
105,VL-MOD-LABO-MAN-PUB
106,VL-MOD-LABO-SUP-PUB
107,VL-MOD-LABO-TVCC-PUB
108,VL-MOD-LABO-SP-PUB
109,VL-MOD-WIFI-PUB
110,VL-MOD-MANAG-PUB
111,VL-MOD-AUTO-PUB
112,VL-MOD-VM-PUB
113,VL-MOD-ALL-SP-PUB
114,VL-SOD-FOR-L2-PUB
115,VL-SOD-FOR-MAN-PUB
116,VL-SOD-FOR-SUP-PUB
117,VL-SOD-FOR-TVCC-PUB
118,VL-SOD-FOR-SP-PUB
119,VL-SOD-FIN-L2-PUB
120,VL-SOD-FIN-MAN-PUB
121,VL-SOD-FIN-SUP-PUB
122,VL-SOD-FIN-TVCC-PUB
123,VL-SOD-FIN-SP-PUB
124,VL-SOD-OCTG-L2-PUB
125,VL-SOD-OCTG-MAN-PUB
126,VL-SOD-OCTG-SUP-PUB
127,VL-SOD-OCTG-TVCC-PUB
128,VL-SOD-OCTG-SP-PUB
129,VL-SOD-LABO-L2-PUB
130,VL-SOD-LABO-MAN-PUB
131,VL-SOD-LABO-SUP-PUB
132,VL-SOD-LABO-TVCC-PUB
133,VL-SOD-LABO-SP-PUB
134,VL-SOD-WIFI-PUB
135,VL-SOD-MANAG-PUB
136,VL-SOD-AUTO-PUB
137,VL-SOD-VM-PUB
138,VL-SOD-ALL-SP-PUB
139,VL-TSSP-DMZ-PUB
140,VL-TSSP-NAT-PUB
141,VL-TSSP-VPN-PUB
142,VL-TSSP-PROXY-PUB
143,VL-TSSP-SP-PUB
1100,VL-LOD-FOR-L1-LOC
1101,VL-LOD-FOR-MAN-LOC
1102,VL-LOD-FOR-DISP-LOC
1103,VL-LOD-FOR-AZ-LOC
1104,VL-LOD-FOR-IBA-LOC
1105,VL-LOD-FOR-TVCC-LOC
1106,VL-LOD-FOR-SPDEV-LOC
1107,VL-LOD-FOR-SPAR1-LOC
1108,VL-LOD-FOR-SPAR2-LOC
1109,VL-LOD-FOR-SPAR3-LOC
1110,VL-LOD-FOR-EXT0-LOC
1111,VL-LOD-FOR-EXT1-LOC
1112,VL-LOD-FOR-EXT2-LOC
1113,VL-LOD-FOR-EXT3-LOC
1114,VL-LOD-FOR-EXT4-LOC
1115,VL-LOD-FOR-EXT5-LOC
1116,VL-LOD-FOR-EXT6-LOC
1117,VL-LOD-FOR-EXT7-LOC
1118,VL-LOD-FOR-EXT8-LOC
1119,VL-LOD-FOR-EXT9-LOC
1120,VL-LOD-FIN-L1-LOC
1121,VL-LOD-FIN-MAN-LOC
1122,VL-LOD-FIN-DISP-LOC
1123,VL-LOD-FIN-AZ-LOC
1124,VL-LOD-FIN-IBA-LOC
1125,VL-LOD-FIN-TVCC-LOC
1126,VL-LOD-FIN-SPDEV-LOC
1127,VL-LOD-FIN-SPAR1-LOC
1128,VL-LOD-FIN-SPAR2-LOC
1129,VL-LOD-FIN-SPAR3-LOC
1130,VL-LOD-FIN-EXT0-LOC
1131,VL-LOD-FIN-EXT1-LOC
1132,VL-LOD-FIN-EXT2-LOC
1133,VL-LOD-FIN-EXT3-LOC
1134,VL-LOD-FIN-EXT4-LOC
1135,VL-LOD-FIN-EXT5-LOC
1136,VL-LOD-FIN-EXT6-LOC
1137,VL-LOD-FIN-EXT7-LOC
1138,VL-LOD-FIN-EXT8-LOC
1139,VL-LOD-FIN-EXT9-LOC
1140,VL-LOD-OCTG-L1-LOC
1141,VL-LOD-OCTG-MAN-LOC
1142,VL-LOD-OCTG-DISP-LOC
1143,VL-LOD-OCTG-AZ-LOC
1144,VL-LOD-OCTG-IBA-LOC
1145,VL-LOD-OCTG-TVCC-LOC
1146,VL-LOD-OCTG-SPDV-LOC
1147,VL-LOD-OCTG-SPR1-LOC
1148,VL-LOD-OCTG-SPR2-LOC
1149,VL-LOD-OCTG-SPR3-LOC
1150,VL-LOD-OCTG-EXT0-LOC
1151,VL-LOD-OCTG-EXT1-LOC
1152,VL-LOD-OCTG-EXT2-LOC
1153,VL-LOD-OCTG-EXT3-LOC
1154,VL-LOD-OCTG-EXT4-LOC
1155,VL-LOD-OCTG-EXT5-LOC
1156,VL-LOD-OCTG-EXT6-LOC
1157,VL-LOD-OCTG-EXT7-LOC
1158,VL-LOD-OCTG-EXT8-LOC
1159,VL-LOD-OCTG-EXT9-LOC
1160,VL-LOD-LABO-L1-LOC
1161,VL-LOD-LABO-MAN-LOC
1162,VL-LOD-LABO-DISP-LOC
1163,VL-LOD-LABO-AZ-LOC
1164,VL-LOD-LABO-IBA-LOC
1165,VL-LOD-LABO-TVCC-LOC
1166,VL-LOD-LABO-SPDV-LOC
1167,VL-LOD-LABO-SPR1-LOC
1168,VL-LOD-LABO-SPR2-LOC
1169,VL-LOD-LABO-SPR3-LOC
1170,VL-LOD-LABO-EXT0-LOC
1171,VL-LOD-LABO-EXT1-LOC
1172,VL-LOD-LABO-EXT2-LOC
1173,VL-LOD-LABO-EXT3-LOC
1174,VL-LOD-LABO-EXT4-LOC
1175,VL-LOD-LABO-EXT5-LOC
1176,VL-LOD-LABO-EXT6-LOC
1177,VL-LOD-LABO-EXT7-LOC
1178,VL-LOD-LABO-EXT8-LOC
1179,VL-LOD-LABO-EXT9-LOC
1180,VL-LOD-SP1-L1-LOC
1181,VL-LOD-ALL-MAN-LOC
1182,VL-LOD-ALL-DISP-LOC
1183,VL-LOD-ALL-AZ-LOC
1184,VL-LOD-ALL-IBA-LOC
1185,VL-LOD-ALL-TVCC-LOC
1186,VL-LOD-ALL-SPDEV-LOC
1187,VL-LOD-ALL-SPAR1-LOC
1188,VL-LOD-ALL-SPAR2-LOC
1189,VL-LOD-ALL-SPAR3-LOC
1190,VL-LOD-ALL-EXT0-LOC
1191,VL-LOD-ALL-EXT1-LOC
1192,VL-LOD-ALL-EXT2-LOC
1193,VL-LOD-ALL-EXT3-LOC
1194,VL-LOD-ALL-EXT4-LOC
1195,VL-LOD-ALL-EXT5-LOC
1196,VL-LOD-ALL-EXT6-LOC
1197,VL-LOD-ALL-EXT7-LOC
1198,VL-LOD-ALL-EXT8-LOC
1199,VL-LOD-ALL-EXT9-LOC
1500,VL-MOD-FOR-L1-LOC
1501,VL-MOD-FOR-MAN-LOC
1502,VL-MOD-FOR-DISP-LOC
1503,VL-MOD-FOR-AZ-LOC
1504,VL-MOD-FOR-IBA-LOC
1505,VL-MOD-FOR-TVCC-LOC
1506,VL-MOD-FOR-SPDEV-LOC
1507,VL-MOD-FOR-SPAR1-LOC
1508,VL-MOD-FOR-SPAR2-LOC
1509,VL-MOD-FOR-SPAR3-LOC
1510,VL-MOD-FOR-EXT0-LOC
1511,VL-MOD-FOR-EXT1-LOC
1512,VL-MOD-FOR-EXT2-LOC
1513,VL-MOD-FOR-EXT3-LOC
1514,VL-MOD-FOR-EXT4-LOC
1515,VL-MOD-FOR-EXT5-LOC
1516,VL-MOD-FOR-EXT6-LOC
1517,VL-MOD-FOR-EXT7-LOC
1518,VL-MOD-FOR-EXT8-LOC
1519,VL-MOD-FOR-EXT9-LOC
1520,VL-MOD-FIN-L1-LOC
1521,VL-MOD-FIN-MAN-LOC
1522,VL-MOD-FIN-DISP-LOC
1523,VL-MOD-FIN-AZ-LOC
1524,VL-MOD-FIN-IBA-LOC
1525,VL-MOD-FIN-TVCC-LOC
1526,VL-MOD-FIN-SPDEV-LOC
1527,VL-MOD-FIN-SPAR1-LOC
1528,VL-MOD-FIN-SPAR2-LOC
1529,VL-MOD-FIN-SPAR3-LOC
1530,VL-MOD-FIN-EXT0-LOC
1531,VL-MOD-FIN-EXT1-LOC
1532,VL-MOD-FIN-EXT2-LOC
1533,VL-MOD-FIN-EXT3-LOC
1534,VL-MOD-FIN-EXT4-LOC
1535,VL-MOD-FIN-EXT5-LOC
1536,VL-MOD-FIN-EXT6-LOC
1537,VL-MOD-FIN-EXT7-LOC
1538,VL-MOD-FIN-EXT8-LOC
1539,VL-MOD-FIN-EXT9-LOC
1540,VL-MOD-OCTG-L1-LOC
1541,VL-MOD-OCTG-MAN-LOC
1542,VL-MOD-OCTG-DISP-LOC
1543,VL-MOD-OCTG-AZ-LOC
1544,VL-MOD-OCTG-IBA-LOC
1545,VL-MOD-OCTG-TVCC-LOC
1546,VL-MOD-OCTG-SPDV-LOC
1547,VL-MOD-OCTG-SPR1-LOC
1548,VL-MOD-OCTG-SPR2-LOC
1549,VL-MOD-OCTG-SPR3-LOC
1550,VL-MOD-OCTG-EXT0-LOC
1551,VL-MOD-OCTG-EXT1-LOC
1552,VL-MOD-OCTG-EXT2-LOC
1553,VL-MOD-OCTG-EXT3-LOC
1554,VL-MOD-OCTG-EXT4-LOC
1555,VL-MOD-OCTG-EXT5-LOC
1556,VL-MOD-OCTG-EXT6-LOC
1557,VL-MOD-OCTG-EXT7-LOC
1558,VL-MOD-OCTG-EXT8-LOC
1559,VL-MOD-OCTG-EXT9-LOC
1560,VL-MOD-LABO-L1-LOC
1561,VL-MOD-LABO-MAN-LOC
1562,VL-MOD-LABO-DISP-LOC
1563,VL-MOD-LABO-AZ-LOC
1564,VL-MOD-LABO-IBA-LOC
1565,VL-MOD-LABO-TVCC-LOC
1566,VL-MOD-LABO-SPDV-LOC
1567,VL-MOD-LABO-SPR1-LOC
1568,VL-MOD-LABO-SPR2-LOC
1569,VL-MOD-LABO-SPR3-LOC
1570,VL-MOD-LABO-EXT0-LOC
1571,VL-MOD-LABO-EXT1-LOC
1572,VL-MOD-LABO-EXT2-LOC
1573,VL-MOD-LABO-EXT3-LOC
1574,VL-MOD-LABO-EXT4-LOC
1575,VL-MOD-LABO-EXT5-LOC
1576,VL-MOD-LABO-EXT6-LOC
1577,VL-MOD-LABO-EXT7-LOC
1578,VL-MOD-LABO-EXT8-LOC
1579,VL-MOD-LABO-EXT9-LOC
1580,VL-MOD-ALL-L1-LOC
1581,VL-MOD-ALL-MAN-LOC
1582,VL-MOD-ALL-DISP-LOC
1583,VL-MOD-ALL-AZ-LOC
1584,VL-MOD-ALL-IBA-LOC
1585,VL-MOD-ALL-TVCC-LOC
1586,VL-MOD-ALL-SPDEV-LOC
1587,VL-MOD-ALL-SPAR1-LOC
1588,VL-MOD-ALL-SPAR2-LOC
1589,VL-MOD-ALL-SPAR3-LOC
1590,VL-MOD-ALL-EXT0-LOC
1591,VL-MOD-ALL-EXT1-LOC
1592,VL-MOD-ALL-EXT2-LOC
1593,VL-MOD-ALL-EXT3-LOC
1594,VL-MOD-ALL-EXT4-LOC
1595,VL-MOD-ALL-EXT5-LOC
1596,VL-MOD-ALL-EXT6-LOC
1597,VL-MOD-ALL-EXT7-LOC
1598,VL-MOD-ALL-EXT8-LOC
1599,VL-MOD-ALL-EXT9-LOC
2000,VL-SOD-FOR-L1-LOC
2001,VL-SOD-FOR-MAN-LOC
2002,VL-SOD-FOR-DISP-LOC
2003,VL-SOD-FOR-AZ-LOC
2004,VL-SOD-FOR-IBA-LOC
2005,VL-SOD-FOR-TVCC-LOC
2006,VL-SOD-FOR-SPDEV-LOC
2007,VL-SOD-FOR-SPAR1-LOC
2008,VL-SOD-FOR-SPAR2-LOC
2009,VL-SOD-FOR-SPAR3-LOC
2010,VL-SOD-FOR-EXT0-LOC
2011,VL-SOD-FOR-EXT1-LOC
2012,VL-SOD-FOR-EXT2-LOC
2013,VL-SOD-FOR-EXT3-LOC
2014,VL-SOD-FOR-EXT4-LOC
2015,VL-SOD-FOR-EXT5-LOC
2016,VL-SOD-FOR-EXT6-LOC
2017,VL-SOD-FOR-EXT7-LOC
2018,VL-SOD-FOR-EXT8-LOC
2019,VL-SOD-FOR-EXT9-LOC
2020,VL-SOD-FIN-L1-LOC
2021,VL-SOD-FIN-MAN-LOC
2022,VL-SOD-FIN-DISP-LOC
2023,VL-SOD-FIN-AZ-LOC
2024,VL-SOD-FIN-IBA-LOC
2025,VL-SOD-FIN-TVCC-LOC
2026,VL-SOD-FIN-SPDEV-LOC
2027,VL-SOD-FIN-SPAR1-LOC
2028,VL-SOD-FIN-SPAR2-LOC
2029,VL-SOD-FIN-SPAR3-LOC
2030,VL-SOD-FIN-EXT0-LOC
2031,VL-SOD-FIN-EXT1-LOC
2032,VL-SOD-FIN-EXT2-LOC
2033,VL-SOD-FIN-EXT3-LOC
2034,VL-SOD-FIN-EXT4-LOC
2035,VL-SOD-FIN-EXT5-LOC
2036,VL-SOD-FIN-EXT6-LOC
2037,VL-SOD-FIN-EXT7-LOC
2038,VL-SOD-FIN-EXT8-LOC
2039,VL-SOD-FIN-EXT9-LOC
2040,VL-SOD-OCTG-L1-LOC
2041,VL-SOD-OCTG-MAN-LOC
2042,VL-SOD-OCTG-DISP-LOC
2043,VL-SOD-OCTG-AZ-LOC
2044,VL-SOD-OCTG-IBA-LOC
2045,VL-SOD-OCTG-TVCC-LOC
2046,VL-SOD-OCTG-SPDV-LOC
2047,VL-SOD-OCTG-SPR1-LOC
2048,VL-SOD-OCTG-SPR2-LOC
2049,VL-SOD-OCTG-SPR3-LOC
2050,VL-SOD-OCTG-EXT0-LOC
2051,VL-SOD-OCTG-EXT1-LOC
2052,VL-SOD-OCTG-EXT2-LOC
2053,VL-SOD-OCTG-EXT3-LOC
2054,VL-SOD-OCTG-EXT4-LOC
2055,VL-SOD-OCTG-EXT5-LOC
2056,VL-SOD-OCTG-EXT6-LOC
2057,VL-SOD-OCTG-EXT7-LOC
2058,VL-SOD-OCTG-EXT8-LOC
2059,VL-SOD-OCTG-EXT9-LOC
2060,VL-SOD-LABO-L1-LOC
2061,VL-SOD-LABO-MAN-LOC
2062,VL-SOD-LABO-DISP-LOC
2063,VL-SOD-LABO-AZ-LOC
2064,VL-SOD-LABO-IBA-LOC
2065,VL-SOD-LABO-TVCC-LOC
2066,VL-SOD-LABO-SPDV-LOC
2067,VL-SOD-LABO-SPR1-LOC
2068,VL-SOD-LABO-SPR2-LOC
2069,VL-SOD-LABO-SPR3-LOC
2070,VL-SOD-LABO-EXT0-LOC
2071,VL-SOD-LABO-EXT1-LOC
2072,VL-SOD-LABO-EXT2-LOC
2073,VL-SOD-LABO-EXT3-LOC
2074,VL-SOD-LABO-EXT4-LOC
2075,VL-SOD-LABO-EXT5-LOC
2076,VL-SOD-LABO-EXT6-LOC
2077,VL-SOD-LABO-EXT7-LOC
2078,VL-SOD-LABO-EXT8-LOC
2079,VL-SOD-LABO-EXT9-LOC
2080,VL-SOD-ALL-L1-LOC
2081,VL-SOD-ALL-MAN-LOC
2082,VL-SOD-ALL-DISP-LOC
2083,VL-SOD-ALL-AZ-LOC
2084,VL-SOD-ALL-IBA-LOC
2085,VL-SOD-ALL-TVCC-LOC
2086,VL-SOD-ALL-SPDEV-LOC
2087,VL-SOD-ALL-SPAR1-LOC
2088,VL-SOD-ALL-SPAR2-LOC
2089,VL-SOD-ALL-SPAR3-LOC
2090,VL-SOD-ALL-EXT0-LOC
2091,VL-SOD-ALL-EXT1-LOC
2092,VL-SOD-ALL-EXT2-LOC
2093,VL-SOD-ALL-EXT3-LOC
2094,VL-SOD-ALL-EXT4-LOC
2095,VL-SOD-ALL-EXT5-LOC
2096,VL-SOD-ALL-EXT6-LOC
2097,VL-SOD-ALL-EXT7-LOC
2098,VL-SOD-ALL-EXT8-LOC
2099,VL-SOD-ALL-EXT9-LOC
